"category","total_revenue","avg_margin_pct","return_rate"
"Electronics","2097901.06","12","0.1597051597051597"
"Home & Kitchen","576134.75","35","0.10267155578837088"
"Sports","343114.98","30","0.08401510383889238"
"Clothing","248601.48","45","0.16001330671989356"
"Beauty","168624.41999999998","55","0.09967939376275138"
"Toys","140505.55","40","0.08982432880344714"
"Books","90757.82","25","0.08127572016460906"
