"acquisition_chan","avg_ltv"
"Influencer","1985.7259663865548"
"Referral","1791.82007518797"
"Organic","1316.1251317614424"
"Email","1074.4595430107527"
"Social Ads","822.0885621970921"
"Paid Search","648.1048571428571"
